,Year,Month,Day,Pressure (hPa),Temperature (oC),Dew Point Temp (oC),Relative Humidity (%),Wind Speed(m/s),wind direction(deg),Soil Moisture (kg m-2) at 10 cm depth,Rainfall (mm),PETo,AETo
0,2019,1,1,1007.7873283070422,21.92941176,8.308571429,46.15412195,2.35,107.8571429,16.25933888,8.8,2.213120425884487,2.080266370243411
1,2019,1,2,1007.7873283070422,22.45641026,9.976923077,49.51626596,1.465,121.5384615,16.02463339,79.8,1.4455240326563314,1.4390024926633598
2,2019,1,3,1007.7873283070422,23.54,12.3975,53.71626346,1.361904762,168.66666669999995,15.79142776,138.6,1.2999768626361818,1.2969345785599404
3,2019,1,4,1007.7873283070422,22.98235294,13.61176471,58.57870465,2.341666667,120.0,15.56933888,2.0,1.8454910959713842,1.329363013046315
4,2019,1,5,1013.55,24.0125,14.509375,58.47052748,1.98,140.0,15.39338058,0.0,1.6619916324637196,0.0
5,2019,1,6,1012.15,23.81714286,15.68857143,62.45639861,2.076666667,131.5,15.24299443,0.0,1.5906115992430154,0.0
6,2019,1,7,1012.466667,23.97435897,14.42564103,57.92517542,2.017391304,101.5384615,15.10164722,0.0,1.7167845187335797,0.0
7,2019,1,8,1012.05,22.4,11.57631579,54.43144262,2.034782609,49.23076923,14.9279249,0.0,1.7439199645046426,0.0
8,2019,1,9,1011.75,22.61081081,8.624324324,45.78132418,1.825,99.28571429,14.75453878,0.0,1.8322485487289535,0.0
9,2019,1,10,1011.7,22.81052632,12.12105263,53.34736522,1.916666667,129.3333333,14.59720264,0.0,1.7704875985835635,0.0
10,2019,1,11,1012.2,23.97714286,16.28285714,64.4447042,2.18,126.0,14.51087213,0.0,1.570854690252161,0.0
11,2019,1,12,1012.1,24.5,17.56388889,67.05736829,2.259375,124.5833333,14.45207764,0.0,1.536090875576141,0.0
12,2019,1,13,1012.45,25.02285714,16.49714286,61.4063829,2.24137931,122.7272727,14.34933322,0.0,1.7848900435423152,0.0
13,2019,1,14,1012.45,24.78235294,15.33235294,58.21598242,2.09,116.0,14.24621098,0.0,1.799361808183667,0.0
14,2019,1,15,1012.65,24.35294118,15.3,59.69889619,2.341666667,85.26315789,14.1257221,0.0,1.88121070944323,0.0
15,2019,1,16,1012.3,24.31578947,13.64324324,55.07828185,1.21875,99.33333333,14.00199988,0.0,1.1841038517407254,0.0
16,2019,1,17,1012.175,24.28888889,14.61666667,58.75524317,1.125,170.0,13.90599157,0.0,1.0185799152177168,0.0
17,2019,1,18,1011.35,24.78333333,14.33333333,56.00697001,1.9,115.7142857,13.83353874,0.0,1.7050609404676906,0.0
18,2019,1,19,1013.35,24.43243243,15.01891892,58.04507378,1.7576923080000002,132.5,13.74378876,0.0,1.5596373214741106,0.0
19,2019,1,20,1013.15,24.01025641,12.75897436,53.68303045,1.722727273,87.22222222,13.64235821,0.0,1.602064955672747,0.0
20,2019,1,21,1012.575,24.93513514,12.8027027,50.78683351,1.8,120.7142857,13.55197489,0.0,1.8066546881197099,0.0
21,2019,1,22,1012.233333,25.5,11.5325,46.02726861,1.835483871,152.0,13.47167487,0.0,1.9985654455210906,0.0
22,2019,1,23,1012.375,25.26842105,17.57631579,64.29670776,1.940540541,152.94117649999995,13.4123971,0.0,1.491620582017322,0.0
23,2019,1,24,1012.48,25.31707317,18.7,68.38197825,2.002777778,127.6,13.36715822,0.0,1.370848221676152,0.0
24,2019,1,25,1012.066667,27.86666667,17.65333333,56.08379922,2.6,159.2,13.41302211,0.0,2.434612060331437,0.0
25,2019,1,26,1012.433333,24.00555556,21.18333333,84.62461708,2.096666667,133.2142857,14.10614986,0.0,0.7066760127636409,0.0
26,2019,1,27,1007.7873283070422,19.91111111,18.58611111,92.13293636,2.417241379,51.42857143,15.89557211,0.0,0.3813368056129521,0.0
27,2019,1,28,1007.7873283070422,19.91612903,17.85806452,88.21114767,2.25862069,61.6,18.97214152,0.0,0.5229862177284812,0.0
28,2019,1,29,1007.7873283070422,21.08571429,12.52,60.43028455,2.163333333,69.09090909,19.02053599,0.0,1.5949053209125923,0.0
29,2019,1,30,1013.9,21.75714286,7.546428571,44.42737750000001,1.66875,93.63636364,18.33849429,0.0,1.7215253234080585,0.0
30,2019,1,31,1013.4,23.52432432,15.85135135,64.27829785,2.133333333,132.6923077,17.80438318,0.0,1.5374565302750942,0.0
31,2019,2,1,1012.4,24.64117647,16.20294118,62.06871891,1.753125,124.375,17.41020545,0.0,1.4129837591976369,0.0
32,2019,2,2,1011.75,24.45714286,16.21142857,62.48051109,1.962068966,123.6842105,17.00579432,0.0,1.533882589916285,0.0
33,2019,2,3,1013.766667,25.0,16.37714286,60.63084539,2.66,119.6296296,16.62789985,0.0,2.099578506148345,0.0
34,2019,2,4,1007.7873283070422,25.06842105,17.33684211,64.39997563,2.115625,122.5925926,16.279460999999998,0.0,1.5768352278940785,0.0
35,2019,2,5,1013.5,25.75,16.11428571,58.26105805,1.704347826,130.0,15.94758046,0.0,1.5419355895694218,0.0
36,2019,2,6,1011.85,26.88205128,17.33589744,58.45083161,2.023529412,133.0,15.63956098,0.0,1.82924105390018,0.0
37,2019,2,7,1011.585714,28.67027027,16.51081081,49.87472504,2.221875,166.81818180000005,15.33628046,0.0,2.4756741478373154,0.0
38,2019,2,8,1012.64,25.66315789,14.26842105,51.09475435,1.883870968,297.7777778,15.08467485,0.0,1.98469828992562,0.0
39,2019,2,9,1012.35,24.24,9.122857143,38.88639593,2.11875,118.4615385,14.85476656,63.4,2.6739940140044767,2.646045228574784
40,2019,2,10,1012.55,25.65116279,12.65813953,45.30043142,1.939473684,110.8,14.61036935,0.1,2.3037509174711563,0.09996861524536092
41,2019,2,11,1013.65,26.69444444,19.93333333,67.43345747,2.588571429,128.8235294,14.44131376,0.0,1.810367984732045,0.0
42,2019,2,12,1007.7873283070422,25.82,18.61,66.56698199,2.394444444,112.2580645,14.3310943,0.0,1.6733772263372602,0.0
43,2019,2,13,1013.8,26.6974359,14.81538462,52.43300968,2.428947368,123.8888889,14.17830821,0.0,2.3214060565811505,0.0
44,2019,2,14,1011.65,27.39047619,17.44761905,56.97038299,1.713157895,152.3076923,14.01160264,0.0,1.6690935262768165,0.0
45,2019,2,15,1011.771429,30.08571429,17.28857143,48.52178056,2.503125,181.03448280000003,13.87823045,0.0,2.8799495420131103,0.0
46,2019,2,16,1011.985714,27.565,17.31,56.75954796,1.7,192.0,13.73884984,0.0,1.6482873971410212,0.0
47,2019,2,17,1010.542857,29.05945946,17.03783784,52.24187803,1.990909091,200.3448276,13.62046102,0.0,2.096566996042934,0.0
48,2019,2,18,1010.15,27.91794872,19.16153846,60.43680431,1.966666667,130.7142857,13.50086378,0.0,1.7763627923180023,0.0
49,2019,2,19,1011.057143,29.77297297,21.35675676,62.66145289,2.802857143,138.23529409999998,13.39894432,0.0,2.323685034633092,0.0
50,2019,2,20,1012.8,28.60625,20.509375,63.59740621,3.19,141.33333330000005,13.29429153,0.0,2.4488127435693627,0.0
51,2019,2,21,1013.2,29.85945946,16.22432432,46.56810015,2.363888889,141.9354839,13.1956582,0.0,2.8000741463177627,0.0
52,2019,2,22,1011.78,31.31351351,15.24594595,40.04768074,2.114285714,130.0,13.07874987,0.0,2.952895221305986,0.0
53,2019,2,23,1010.575,31.62105263,15.73157895,40.4383179,1.690322581,186.0,12.96724709,0.0,2.4404529197145806,0.0
54,2019,2,24,1008.6625,32.35135135,13.84594595,35.00692561,2.3428571430000003,203.4782609,12.86016655,0.0,3.5029565834890124,0.0
55,2019,2,25,1007.9,32.51052632,12.41315789,31.05509584,2.562857143,211.2121212,12.75860539,0.0,4.084744187734031,0.0
56,2019,2,26,1007.6125,30.3125,13.796875,41.41716568,1.940740741,213.8095238,12.67633041,0.0,2.4482096426820816,0.0
57,2019,2,27,1007.725,27.41914894,20.93617021,69.6086517,2.021428571,121.70731709999998,12.66821099,0.0,1.3874133087163179,0.0
58,2019,2,28,1009.125,28.92972973,13.70540541,41.89627509,1.830555556,110.0,12.70168322,0.0,2.388671895156677,0.0
59,2019,3,1,1009.725,28.08387097,21.01612903,67.51278209,2.580645161,133.7931034,12.67134987,0.0,1.8292110297162512,0.0
60,2019,3,2,1010.925,28.32432432,21.04864865,65.96065031,3.0,133.0,12.59979153,0.0,2.1959598119288657,0.0
61,2019,3,3,1008.825,30.67027027,20.28648649,55.80760976,2.242857143,159.0909091,12.52796652,15.2,2.318390776680829,2.2327286379368525
62,2019,3,4,1006.25,31.53333333,17.63571429,48.04096216,2.694594595,205.7142857,12.45247487,0.0,3.0198048867991947,0.0
63,2019,3,5,1007.175,30.50810811,15.22972973,41.35461731,2.457575758,265.0,12.38248601,0.0,3.25779824365151,0.0
64,2019,3,6,1008.3375,30.22777778,9.275,28.86749382,2.265625,274.1935484,12.31138877,0.0,3.602426886743628,0.0
65,2019,3,7,1008.425,29.58695652,11.14130435,34.27003973,1.725714286,150.76923080000003,12.29742209,0.0,2.581351490271003,0.0
66,2019,3,8,1010.5,30.41621622,18.77837838,52.44435421,1.971875,99.28571429,12.480236,0.0,2.1879591573608272,0.0
67,2019,3,9,1010.7125,31.01111111,20.57222222,55.29143444,2.5064516130000003,125.483871,12.54265823,0.0,2.6132285250092244,0.0
68,2019,3,10,1010.7,32.25294118,20.25882353,51.69074921,2.122580645,138.8,12.470111,9.4,2.458504716469302,2.3050775957158973
69,2019,3,11,1010.714286,32.52972973,19.67027027,50.02183983,2.723529412,158.125,12.39294156,1.2,3.0935572764086077,1.1259255885370232
70,2019,3,12,1010.714286,32.64242424,17.16969697,42.42097497,2.568965517,160.8,12.32054431,0.0,3.4002413323486578,0.0
71,2019,3,13,1011.714286,33.408,14.364,34.17028261,3.01,183.5,12.248772099999998,0.0,4.471852621362199,0.0
72,2019,3,14,1010.842857,33.22051282,12.85641026,30.55515171,2.544444444,193.3333333,12.17811099,0.0,4.177535270991369,0.0
73,2019,3,15,1011.085714,32.95428571,12.34857143,30.68117213,2.7625,162.66666669999995,12.11170819,0.0,4.347665365096605,0.0
74,2019,3,16,1011.5625,32.54074074,12.87407407,31.96488389,3.429166667,140.0,12.05051934,0.0,5.137718302779978,0.0
75,2019,3,17,1010.885714,31.30526316,16.37105263,43.61225369,3.097222222,144.5714286,11.99634154,0.0,3.7688876349014815,0.0
76,2019,3,18,1010.314286,29.77837838,16.10540541,45.7138652,2.8742857139999995,151.0,11.945322099999998,0.0,3.379067347110564,0.0
77,2019,3,19,1008.2625,32.26486486,19.1972973,48.97134371,2.286486486,154.23076919999997,11.89831931,0.0,2.7258424237300263,0.0
78,2019,3,20,1008.2875,31.41176471,20.58529412,55.66936191,3.085294118,142.05882350000005,12.35478046,0.1,3.007321301232718,0.09998157798821056
79,2019,3,21,1009.7375,31.57297297,19.05405405,51.3848893,2.730555556,148.91666669999995,12.46318323,168.2,2.9239199461712184,2.9112587891879556
80,2019,3,22,1010.125,32.18421053,19.93684211,50.95665935,2.041666667,146.76470590000002,12.37928043,7.9,2.4053023449086846,2.230185531631356
81,2019,3,23,1009.4375,33.00540541,19.70810811,47.68046908,1.979411765,128.125,12.40166097,0.0,2.5478467541514926,0.0
82,2019,3,24,1008.8625,33.57894737,18.02105263,41.86316035,2.214705882,125.0,12.60767208,0.0,3.1218570776853953,0.0
83,2019,3,25,1009.3,32.66341463,18.14146341,44.04305355,2.347368421,121.7142857,12.77367208,0.0,3.1308344299978486,0.0
84,2019,3,26,1010.075,33.36470588,18.83529412,44.70546564,2.034375,147.2727273,12.66628043,0.0,2.7464835273276433,0.0
85,2019,3,27,1010.542857,34.0,17.4025641,39.99173589,1.859459459,181.6666667,12.57030823,0.0,2.746699710475914,0.0
86,2019,3,28,1009.6625,34.17368421,16.66315789,37.39687233,1.877142857,124.5,12.48358042,0.0,2.924138698235152,0.0
87,2019,3,29,1008.2625,33.33658537,17.10487805,40.42637441,2.162162162,117.9310345,12.40402489,0.0,3.0884284781873608,0.0
88,2019,3,30,1007.475,34.41666667,16.66944444,38.78765368,1.871428571,144.2105263,12.33424989,0.0,2.7249190629700326,0.0
89,2019,3,31,1007.1375,35.78378378,14.5,30.7808393,2.261764706,217.2222222,12.26846376,0.0,3.775372961641884,0.0
90,2019,4,1,1007.25,35.66315789,13.44736842,28.60175772,2.051515152,195.6521739,12.20452489,0.0,3.6090540332814243,0.0
91,2019,4,2,1007.1875,35.61666667,16.81388889,35.22598969,2.4,237.2413793,12.14377208,0.0,3.7948634432066704,0.0
92,2019,4,3,1008.35,32.24878049,21.4195122,55.10339176,2.326829268,135.2631579,12.35415821,0.0,2.4884842777124154,0.0
93,2019,4,4,1009.6125,32.22857143,20.84,52.94713458,2.030952381,161.8518519,12.78951654,0.0,2.3344390252469007,0.0
94,2019,4,5,1010.071429,32.04615385,16.83684211,43.78617844,1.870967742,205.0,12.69716378,0.0,2.4575052867640474,0.0
95,2019,4,6,1009.175,29.14883721,18.82325581,59.04731546,1.689189189,210.0,12.62316379,87.1,1.5493217473440204,1.5424574357323062
96,2019,4,7,1007.4375,32.79487179,18.75384615,46.62104056,2.080555556,179.6153846,12.59483598,120.5,2.6323412546994307,2.61803049085605
97,2019,4,8,1006.8625,31.95263158,18.06578947,44.70781679,2.5,189.6875,13.12747207,1.0,3.2770112002347505,0.9661587072079779
98,2019,4,9,1007.575,30.98947368,20.86578947,56.69226681,2.088571429,172.08333330000005,13.77496933,33.9,2.156385454691996,2.1225435684781306
99,2019,4,10,1008.4375,32.91794872,18.49230769,44.8279414,1.5423076919999998,169.23076919999997,13.98097488,0.0,2.1338749125157794,0.0
100,2019,4,11,1006.9875,34.9025641,17.32051282,39.89866168,1.621875,172.7272727,13.94295821,4.0,2.346374253009864,1.9744734616399695
101,2019,4,12,1008.075,33.13,18.505,45.57877359,2.607894737,121.7241379,14.01250265,0.0,3.234960519390089,0.0
102,2019,4,13,1007.6875,34.24,17.775,39.87587781,1.894444444,145.0,13.87171373,93.6,2.8394788094982153,2.818079464931474
103,2019,4,14,1007.4375,35.34594595,17.12972973,35.6698245,1.94,172.5,13.71391933,0.0,3.1874217759297743,0.0
104,2019,4,15,1007.125,35.05128205,15.78461538,34.01729646,2.070588235,231.6666667,13.56184711,0.0,3.3678907977207975,0.0
105,2019,4,16,1007.2,33.82702703,13.86486486,31.57928679,2.305555556,161.11111110000004,13.42417488,0.0,3.815698377556116,0.0
106,2019,4,17,1007.4125,34.35675676,18.28648649,39.91636567,2.955882353,203.5483871,13.30556931,0.0,4.261827796735494,0.0
107,2019,4,18,1007.725,33.61052632,20.28947368,47.41813179,2.448648649,153.84615380000002,14.9346693,0.0,3.1266738562544174,0.0
108,2019,4,19,1007.025,31.49444444,21.94722222,58.27567759,2.5088235290000003,147.77777780000002,19.04111377,711.7,2.473160297937256,2.4710132921572128
109,2019,4,20,1005.3,31.06857143,21.61666667,58.58478939,2.703125,160.0,20.48671371,63.3,2.582015045943822,2.555907254913574
110,2019,4,21,1004.6125,33.80540541,20.22162162,46.7805418,2.394117647,190.9677419,19.80645545,192.3,3.1041934976737022,3.0917082018223203
111,2019,4,22,1006.175,30.18536585,22.41707317,64.98101433,3.186486486,136.4516129,18.87628597,17.8,2.4442383762004356,2.3626802597000625
112,2019,4,23,1007.3875,32.68717949,18.04615385,44.90931314,2.522222222,171.03448280000003,18.20754155,216.3,3.1882351612326034,3.176522611453684
113,2019,4,24,1007.3875,34.98333333,16.85833333,36.61065594,2.235483871,140.0,17.56995822,0.0,3.4524996794208915,0.0
114,2019,4,25,1006.1875,35.8375,16.4025,33.79164441,1.645714286,134.5454545,17.00526655,0.0,2.802157877257308,0.0
115,2019,4,26,1005.0,36.67894737,16.82631579,32.66332342,2.209090909,160.0,16.51576099,0.0,3.7988785189407697,0.0
116,2019,4,27,1004.6125,36.51666667,17.29459459,34.19410081,2.215625,213.5,16.1063554,0.0,3.6856337779453217,0.0
117,2019,4,28,1004.5125,36.20540541,19.18918919,38.81039034,1.958064516,161.7391304,15.75702491,0.0,3.0908724862221804,0.0
118,2019,4,29,1004.125,36.42727273,20.26666667,41.91119226,1.756666667,166.25,15.48883598,0.0,2.6202866967547753,0.0
119,2019,4,30,1002.625,35.62857143,20.36,42.86302120000001,2.237142857,240.8333333,15.33600544,0.0,3.225757364718479,0.0
120,2019,5,1,1000.742857,35.10857143,17.63142857,38.44326315,2.8411764710000003,250.3448276,15.44320543,0.0,4.078506478927604,0.0
121,2019,5,2,1000.475,36.93783784,13.22972973,25.33399919,3.989189189,295.55555560000005,15.6505137,30.2,7.002591704062872,6.614419049329944
122,2019,5,3,1003.0,35.66578947,13.53243243,27.70144507,3.352631579,275.1351351,15.73035824,0.0,5.748617828634325,0.0
123,2019,5,4,1006.275,35.31351351,13.18888889,28.05006615,3.178378378,279.72222220000003,15.45057485,0.0,5.365433067934002,0.0
124,2019,5,5,1006.9,35.95675676,12.60540541,25.58274009,2.838235294,306.7857143,15.14061934,0.0,5.202975068852655,0.0
125,2019,5,6,1005.1875,35.92926829,12.0,24.67779985,2.246666667,182.9166667,14.89004706,0.0,4.289691562854033,0.0
126,2019,5,7,1003.3875,36.94166667,12.55555556,24.61717295,1.724,176.875,14.88820542,0.0,3.3955257354815993,0.0
127,2019,5,8,1003.65,36.4075,12.075,24.05294114,2.817241379,198.4615385,14.81484153,0.0,5.317951785692539,0.0
128,2019,5,9,1003.3,35.63181818,13.4,27.32661796,2.202857143,180.3225806,14.73806653,0.0,4.068617426294397,0.0
129,2019,5,10,1003.7,36.34054054,14.47027027,28.31565266,2.351724138,199.2307692,15.07144434,0.0,4.282023175024527,0.0
130,2019,5,11,1005.5875,34.46585366,19.28780488,44.2065145,2.812820513,137.1428571,18.94025545,0.0,3.6369196149197753,0.0
131,2019,5,12,1005.4,32.81886792,19.48113208,47.53189099,1.784313725,159.0,19.8399499,158.6,2.319349994988814,2.3108962887825593
132,2019,5,13,1003.4,35.97435897,18.0974359,37.46143495,2.167567568,125.862069,18.83693325,0.0,3.3678619297340324,0.0
133,2019,5,14,1003.4625,36.03076923,18.16410256,35.85499498,2.436111111,135.5882353,18.09685553,6.0,3.997905698608879,3.250006307055875
134,2019,5,15,1005.175,35.02368421,19.58648649,42.42170542,2.3135135140000003,179.23076919999997,18.36199721,0.0,3.3024005221921167,0.0
135,2019,5,16,1005.75,36.51764706,15.42058824,31.45794089,1.982352941,256.1538462,18.22592223,0.0,3.3613690325076298,0.0
136,2019,5,17,1005.2625,36.28717949,18.92051282,38.49104041,2.125,152.5806452,17.67087777,0.0,3.3019284855787014,0.0
137,2019,5,18,1004.3875,36.61142857,15.18285714,29.24468083,2.626923077,156.5217391,17.25242224,0.0,4.670194747932437,0.0
138,2019,5,19,1004.75,37.53333333,14.87435897,27.79852111,1.813513514,145.0,16.97779721,0.0,3.431146505597869,0.0
139,2019,5,20,1005.05,37.41891892,19.24864865,36.2985668,2.696969697,152.4137931,16.68236388,0.0,4.357649492111303,0.0
140,2019,5,21,1005.35,35.87368421,19.61578947,42.65837388,2.867647059,174.83870969999995,16.22639719,16.8,3.816636090606331,3.609245768464142
141,2019,5,22,1004.325,36.15675676,20.28918919,40.86541183,1.993939394,169.58333330000005,15.83321108,155.5,3.092196644231076,3.076887663973695
142,2019,5,23,1004.175,36.45945946,21.23783784,42.65229167,1.911428571,189.6969697,15.66222498,2.0,2.9024728222303855,1.6295221281558672
143,2019,5,24,1004.55,36.13333333,19.8,39.89925178,1.945454545,212.4137931,15.45398057,0.0,3.0585540901571386,0.0
144,2019,5,25,1002.675,37.12105263,17.63157895,33.43636776,2.7516129030000003,208.9285714,15.18216667,0.0,4.584336178536763,0.0
145,2019,5,26,1001.1625,38.59459459,16.81351351,29.56329518,2.091176471,268.75,15.05911666,0.0,3.8743143275890946,0.0
146,2019,5,27,1001.6625,36.87692308,19.74358974,38.86218761,3.293333333,260.6666667,14.98095557,0.0,4.856603073646985,0.0
147,2019,5,28,1001.2125,38.37777778,18.00833333,32.59406932,2.193333333,141.8518519,14.74125831,0.0,3.8171919470020277,0.0
148,2019,5,29,1000.925,37.39473684,21.24210526,41.22415251,1.981578947,118.0769231,14.91382497,0.0,3.0588655717019,0.0
149,2019,5,30,1001.4375,36.01621622,22.69189189,47.71812071,2.335135135,140.30303030000002,17.56185829,0.0,3.1291629360488162,0.0
150,2019,5,31,1001.575,37.49473684,20.80789474,39.13229745,2.105263158,172.66666669999995,17.38528614,0.0,3.4125831618000344,0.0
151,2019,6,1,1003.975,32.83076923,21.16410256,50.52866974,2.5,281.1538462,17.82767775,0.0,3.044431527069655,0.0
152,2019,6,2,1001.9,35.38947368,20.72894737,44.57241493,2.3058823530000003,212.962963,20.7717722,0.1,3.1886884096645365,0.09998361338122685
153,2019,6,3,1003.9,31.34285714,22.81142857,63.75360042,4.017647059,246.0606061,29.65291938,10.7,3.0368430294751945,2.831116255280017
154,2019,6,4,1003.414286,32.41904762,23.39761905,60.51439253,2.0625,211.2121212,26.37851668,221.0,2.0149844579133673,2.0104002264157126
155,2019,6,5,1001.3375,35.65263158,22.25263158,47.74678049,2.28125,258.5714286,23.58879719,0.0,3.0236444645562592,0.0
156,2019,6,6,1002.3,35.03783784,22.02972973,48.61928010000001,3.754054054,232.1212121,28.50651949,0.0,4.470947182053506,0.0
157,2019,6,7,1002.975,35.23783784,22.05945946,48.266504,2.147222222,237.8571429,30.08577489,1.9,2.8247589769023507,1.5610440331970459
158,2019,6,8,1004.0125,30.03684211,23.57105263,69.79174323,2.155172414,170.3846154,30.67217501,376.4,1.543760560099022,1.5421790234456598
159,2019,6,9,1001.6,33.77272727,23.32045455,55.97647939,1.94047619,242.0,28.70404723,0.9,2.1714321817072233,0.8354226091210767
160,2019,6,10,1001.0875,34.67368421,22.60789474,50.56077112,3.513513514,226.8571429,26.39453893,0.0,4.1115673853347525,0.0
161,2019,6,11,1000.675,34.63243243,22.16216216,49.6274234,3.1459459460000003,217.8378378,24.58368052,0.0,3.798680525906185,0.0
162,2019,6,12,1002.0625,33.37435897,22.28974359,52.90425542,5.002564103,233.3333333,22.54315553,0.0,5.061599185511332,0.0
163,2019,6,13,1003.35,32.17105263,22.67894737,58.11414010000001,4.678947368,250.5263158,21.19303055,0.0,4.159292466004479,0.0
164,2019,6,14,1002.95,32.99428571,21.69142857,52.71341548,4.262857143,243.1428571,20.10353894,8.0,4.412426070358475,3.766825548787086
165,2019,6,15,1003.0125,34.1,20.23947368,45.95229699,5.324324324,255.1351351,19.09278884,0.0,6.032190618928698,0.0
166,2019,6,16,1003.525,33.96315789,20.65263158,47.07212887,4.997368421,264.4736842,18.24924442,0.0,5.669104191131292,0.0
167,2019,6,17,1004.1,33.27777778,20.48611111,48.12930525,4.975,272.0588235,17.70755274,0.0,5.484082444052607,0.0
168,2019,6,18,1002.675,34.05789474,19.57368421,43.73839037,4.316666667,260.5555556,17.33652225,0.8,5.400213318640804,0.796627368269401
169,2019,6,19,1001.514286,34.225,21.0275,47.23707762,4.4775,254.8717949,16.90794165,0.0,5.247064367758141,0.0
170,2019,6,20,1002.025,33.07567568,22.3,54.5622816,4.518918919,254.7222222,24.99347501,0.0,4.433086513145334,0.0
171,2019,6,21,1002.575,28.99428571,23.75142857,75.77973518,2.5878787880000003,203.3333333,27.1272944,26.3,1.3992273001383333,1.3808213229100677
172,2019,6,22,1002.2,28.74736842,23.97894737,76.14491461,3.121052632,280.5263158,25.58806945,299.3,1.625087352978543,1.6228839416743208
173,2019,6,23,1002.0125,28.03684211,24.46842105,81.32348725,2.182857143,220.3225806,26.03961108,0.0,0.9572449352718456,0.0
174,2019,6,24,1003.2875,30.075,24.555,73.43610282,2.092105263,215.862069,25.43397497,66.3,1.3388287474615683,1.3320981880513347
175,2019,6,25,1004.2625,29.43157895,24.36578947,74.94591925,1.679411765,223.2,23.82009995,399.4,1.046559655550074,1.0458744468444348
176,2019,6,26,1003.1375,31.14594595,23.07027027,62.84820574,3.063888889,248.6111111,23.39884446,0.3,2.605432990158492,0.2993145469356008
177,2019,6,27,1002.125,31.48108108,23.52432432,63.69591689,3.572972973,245.0,23.40440274,0.0,2.8833952587849296,0.0
178,2019,6,28,1002.4125,29.65,23.24166667,68.99670801,5.247222222,257.22222220000003,23.14786108,13.2,3.1705638249001247,2.988645421787969
179,2019,6,29,1002.457143,27.85806452,23.04193548,75.96464388,5.65483871,254.516129,22.95658612,0.2,2.462549479564976,0.1997801378724133
180,2019,6,30,1002.4,26.38947368,22.36052632,78.88082371,5.515789474,273.9473684,22.4050083,34.8,2.058263567895135,2.0282010132462633
181,2019,7,1,1001.825,26.77142857,23.30857143,81.69363815,4.622857143,263.4285714,22.57105834,0.5,1.6037913127097652,0.482084247178917
182,2019,7,2,1001.75,27.35625,23.5125,79.8577502,5.028125,265.0,23.52616665,29.5,1.8981056843112445,1.8679787902574312
183,2019,7,3,1002.814286,28.51351351,22.89459459,72.57504386,5.397297297000001,254.32432430000003,24.44579443,0.5,2.7632966003711754,0.49630910460884275
184,2019,7,4,1001.3625,28.55263158,23.40526316,74.55367717,5.121052632,247.1052632,23.4117333,14.0,2.4798384174794563,2.37394131586014
185,2019,7,5,1000.7375,27.385,23.775,81.11884292,4.7375,247.0,26.33700559,43.3,1.7077059827818535,1.6910059852352841
186,2019,7,6,1001.1,28.48421053,23.04210526,72.95751126,5.221052632,249.4594595,26.17173049,16.5,2.6728360689197284,2.5681474664614248
187,2019,7,7,1001.9375,29.26222222,23.35777778,71.25730791,5.58,246.4444444,25.03661386,0.2,3.030398868609557,0.1998549828895991
188,2019,7,8,1003.1125,29.9,23.20263158,68.56605778,4.707894737,254.7368421,25.99000555,0.4,2.963121416578682,0.39867114444785257
189,2019,7,9,1002.8625,29.95263158,23.45789474,69.05090457,4.639473684,235.1351351,25.65116666,63.9,2.905777936857032,2.8730545542620654
190,2019,7,10,1002.9375,29.98918919,23.34054054,68.91329517,5.264864865,250.2702703,25.1460722,11.1,3.1772929501312963,2.960182672570251
191,2019,7,11,1005.5375,28.37567568,23.18918919,75.54300096,4.8108108110000005,262.972973,31.38029723,3.8,2.241345284468924,1.8835391157416215
192,2019,7,12,1006.8875,28.35789474,23.53684211,75.67115239,3.809375,259.6666667,30.59118062,159.0,1.9196332225415786,1.91385375740998
193,2019,7,13,1006.675,28.69444444,23.99722222,76.95017408,4.061290323,254.8275862,32.64622225,14.3,1.9097309853752924,1.8477093351989793
194,2019,7,14,1004.8375,29.6,23.85714286,71.88553179,3.771428571,261.8518519,29.78146113,24.4,2.2574277895910155,2.2062074281172586
195,2019,7,15,1004.4,27.6,23.685,80.04052964,2.997222222,272.5,30.05728055,12.1,1.2905062666571847,1.2568494988709817
196,2019,7,16,1004.5375,28.84736842,23.74473684,74.79560473,3.0617647060000004,279.2307692,29.40004164,27.8,1.6918650627716154,1.6664473966573294
197,2019,7,17,1003.2,29.88108108,23.47837838,69.26249193,3.263636364,285.35714289999993,27.05722223,173.9,2.211472191805894,2.204460005259941
198,2019,7,18,1001.0125,31.33333333,23.33589744,63.39492320000001,2.783783784,285.5882353,31.13435829,0.0,2.3745772374808305,0.0
199,2019,7,19,1001.8,28.67368421,24.17894737,77.44010106,1.865714286,279.6,32.41278334,7.4,1.0163717523883455,0.9824505846110949
200,2019,7,20,1001.4375,27.41578947,24.21052632,83.0080376,1.986486486,271.0,32.911063899999995,373.8,0.8010721642999176,0.8006431713905656
201,2019,7,21,1001.9625,28.82564103,24.44358974,77.79621201,2.0,208.5714286,31.65281383,0.0,1.0658913515387343,0.0
202,2019,7,22,1001.7625,29.46470588,24.44705882,75.27244935,2.144117647,197.8125,29.52756937,13.3,1.2629408648435227,1.2335440537514124
203,2019,7,23,1002.575,29.14705882,23.52941176,72.20383868,2.602941176,226.6666667,28.6302195,0.0,1.652680501157444,0.0
204,2019,7,24,1003.2875,29.06756757,23.16216216,71.19576066,3.878378378,246.9444444,27.32997216,0.9,2.324980469630173,0.8447110165466367
205,2019,7,25,1003.9125,28.35263158,23.8,77.51497124,4.6055555560000005,272.7272727,32.28302764,0.0,2.0225188670005876,0.0
206,2019,7,26,1004.3,26.29189189,23.41891892,84.55915914,4.561111111000001,253.7142857,33.04306669,143.2,1.3311420748182907,1.3280545879748022
207,2019,7,27,1003.0375,26.60540541,23.14054054,81.66078809,5.478378378,259.7297297,33.27596661,110.6,1.796295881925867,1.7890269226292275
208,2019,7,28,1003.65,24.75945946,23.35405405,92.04831776,4.3837837839999985,260.0,36.19860839,0.2,0.6595611281762431,0.19334586226828337
209,2019,7,29,1003.8,24.54871795,23.15128205,92.1720602,4.684615385,251.79487180000004,39.08789448,107.8,0.6738385975332679,0.6727869562766139
210,2019,7,30,1005.075,25.04736842,23.19473684,89.58279887,5.173684211,254.0540541,37.19849721,105.9,0.9585069828686062,0.9563421915938031
211,2019,7,31,1005.55,26.35135135,23.58918919,85.10770032,4.291666667,260.0,34.30787506,3.7,1.2352551615664227,1.1361351095261065
212,2019,8,1,1003.9375,25.65405405,23.49189189,88.17803995,4.989189189,261.8918919,38.31619717,174.4,1.0732023418961922,1.0715534198087027
213,2019,8,2,1004.0375,23.24864865,22.54054054,95.88299889,4.567567568,250.8108108,41.35972505,350.9,0.35443215731258215,0.3543426761759253
214,2019,8,3,1004.4625,24.14210526,23.05,93.74814083,5.163157895,247.3684211,38.16315285,646.9,0.5740692372888208,0.5739419013135357
215,2019,8,4,1003.0375,25.28421053,23.47894737,89.93110278,5.226315789,246.5789474,36.46457219,108.6,0.9388705873822806,0.9368450523495
216,2019,8,5,1001.5375,25.66666667,23.73055556,89.39398174,6.461111111,257.7777778,35.92650537,37.6,1.1384087523372162,1.1298460069470817
217,2019,8,6,1000.525,25.75609756,23.72195122,88.90623427,5.812195122,259.0243902,37.04537774,68.6,1.1154412535881213,1.1109222861198202
218,2019,8,7,999.375,25.37837838,23.53783784,89.80687716,5.654054054,260.2702703,36.58979448,48.2,0.9994090829933591,0.994250798276434
219,2019,8,8,998.6125,26.735,24.1275,85.80702786,5.6225,252.5,35.78047781,57.7,1.4287981587580851,1.4199984552882716
220,2019,8,9,1001.9,27.37435897,23.84615385,81.39802361,5.005128205,236.9230769,34.52580829,4.3,1.7515162005000242,1.5757461860287285
221,2019,8,10,1002.9375,28.21578947,23.80263158,77.42276433,4.378947368,250.2631579,33.65160555,0.0,1.9680552194588528,0.0
222,2019,8,11,1003.6,28.56842105,23.52368421,74.66112525,4.297368421,268.9473684,32.77218614,0.0,2.1922241118945673,0.0
223,2019,8,12,1003.55,27.09189189,23.92162162,83.41965029,3.408823529,292.4242424,32.32186381,0.0,1.1775488094842965,0.0
224,2019,8,13,1003.95,27.42926829,24.26829268,83.22543267,3.756666667,289.6551724,32.55162779,21.2,1.2948926974651989,1.275369056813782
225,2019,8,14,1004.45,28.37837838,24.23783784,78.87069129,3.278378378,258.5714286,33.06257774,15.4,1.4920198849875295,1.4566004546804723
226,2019,8,15,1005.6,28.84736842,23.83157895,74.88305229,3.556756757,264.5714286,33.16144725,0.0,1.9015747038887463,0.0
227,2019,8,16,1004.8625,29.51111111,23.81388889,72.17526177,3.155882353,275.15151519999995,34.1376444,0.4,1.9403338644130799,0.3956479019993408
228,2019,8,17,1004.825,29.40526316,23.67368421,71.90085966,2.98,232.1212121,37.01727228,6.0,1.870522966152203,1.730943194143679
229,2019,8,18,1006.6625,26.87894737,23.77631579,83.31705804,2.635483871,283.6666667,39.35881677,11.0,0.9757931703482704,0.9545475527117095
230,2019,8,19,1006.475,27.88292683,24.65853659,83.31733278,2.93030303,292.1212121000001,37.92531393,5.7,1.0781998466645737,1.0291394737046704
231,2019,8,20,1005.55,28.64736842,24.47105263,78.63965619,3.240540541,299.14285710000007,37.69153883,0.5,1.506967029389508,0.47892565846586826
232,2019,8,21,1005.2375,28.02777778,23.94722222,78.97652594,3.765714286,295.88235289999994,40.34991118,0.2,1.6374570574953795,0.19947730970094615
233,2019,8,22,1004.5625,27.35675676,23.8972973,82.38204208,3.56,290.3333333,38.95192774,0.0,1.29312792215579,0.0
234,2019,8,23,1005.45,25.96571429,23.65428571,87.49596307,3.714814815,292.173913,37.66981672,333.3,0.9325153247724504,0.9318634509503199
235,2019,8,24,1004.8375,28.27567568,23.37297297,75.58243602,3.5,284.6875,37.81456109,112.1,1.7946901253408973,1.7875309025521708
236,2019,8,25,1004.1,27.94594595,22.63783784,73.64005805,4.148484848,261.25,37.33629722,139.7,2.1780262941022723,2.169564543356151
237,2019,8,26,1003.675,27.96216216,22.38648649,72.53230849,3.886111111,259.0322581,35.91994729,0.3,2.1589830995661368,0.29892841916361856
238,2019,8,27,1003.7875,28.55263158,21.85789474,67.74857892,4.291176471,258.78787880000004,34.94134164,0.0,2.766241900473631,0.0
239,2019,8,28,1004.6,29.085,22.465,68.05986088,3.2,256.25,34.12606111,0.0,2.225761780109944,0.0
240,2019,8,29,1004.1625,29.70526316,23.54736842,70.33339625,2.819444444,273.8235294,33.75103332,0.0,1.8937657084071111,0.0
241,2019,8,30,1002.5375,26.82631579,24.18947368,85.95817945,3.0405405410000004,265.8333333,36.21173889,230.4,0.9174134302263095,0.9165009414762115
242,2019,8,31,1002.1625,26.47368421,23.93684211,86.33007548,4.1162162160000015,261.3513514,39.21695844,220.3,1.1057364163596302,1.1043503797172303
243,2019,9,1,1004.3,24.84864865,23.12162162,90.24230311,3.3628571430000003,256.1764706,37.68180838,52.9,0.669030517260284,0.6669207595939282
244,2019,9,2,1004.6625,25.09714286,23.04571429,88.70673812,3.2032258060000003,268.6206897,36.34313331,259.9,0.7446148256605897,0.7440818125381412
245,2019,9,3,1003.825,25.41142857,23.18571429,87.62032441,4.047058824,269.70588239999995,35.70499999,262.5,0.9684691673176616,0.967576584453641
246,2019,9,4,1002.1625,26.14210526,24.06052632,88.51479725,4.281578947,256.5789474,35.31535001,17.3,0.9550387355887912,0.9420084563399873
247,2019,9,5,1001.475,27.03157895,23.83947368,82.93196582,4.242105263,254.21052630000003,35.4876083,68.2,1.4222943944179736,1.4149111110364063
248,2019,9,6,1002.225,26.33243243,23.79189189,86.34206559,4.708108108,263.7837838,36.09911666,0.4,1.2074388855194031,0.38320718337518056
249,2019,9,7,1003.2,26.75757576,23.86666667,84.35396787,4.6,263.030303,35.91136386,48.0,1.3757839861812866,1.3659843628530912
250,2019,9,8,1004.0625,26.79487179,23.91794872,84.53238723,4.466666667,257.027027,36.28113883,1.0,1.3333986582148696,0.7897199630164721
251,2019,9,9,1003.9625,26.425,24.190625,88.03276272,3.3625,257.0967742,35.11742495,0.3,0.8412151683358908,0.28484774688936454
252,2019,9,10,1004.35,27.71351351,24.00540541,80.70749294,3.921621622,250.5405405,34.34754727,0.2,1.5391313147961012,0.19939479129091053
253,2019,9,11,1006.075,27.48421053,23.54736842,79.41377956,3.97027027,270.2702703,34.58671942,3.6,1.649147179167322,1.458479561532101
254,2019,9,12,1007.5,26.15135135,23.3027027,84.56113231,3.5675675680000003,264.0540541,34.32263611,8.8,1.1168935672796954,1.0823739254372844
255,2019,9,13,1007.5625,27.18918919,23.58378378,80.98643761,3.559459459,259.7142857,34.08831665,0.0,1.3989802697113751,0.0
256,2019,9,14,1007.15,28.12222222,23.81666667,78.06614305,2.9931034480000003,268.8461538,33.77597506,28.2,1.435401571969461,1.4173280378598607
257,2019,9,15,1006.725,27.55555556,24.32777778,83.11115725,3.018518519,291.3636364,33.57896396,72.3,1.1092900695511347,1.1050487133736364
258,2019,9,16,1005.3,27.91428571,24.58,82.50274591,3.206451613,293.5483871,33.71333337,1.9,1.212768210743881,0.9981916238879882
259,2019,9,17,1004.575,27.20869565,24.34565217,84.96915898,2.7613636360000005,285.12820510000006,38.24514449,2.0,0.9180396317416297,0.8116355626147526
260,2019,9,18,1005.7375,26.18181818,23.98787879,88.07904909999998,1.773076923,105.4545455,38.7249583,0.0,0.5157110330071978,0.0
261,2019,9,19,1006.5875,25.90555556,24.37222222,91.46360996,1.607692308,156.66666669999995,37.45433899,0.0,0.3554760044484836,0.0
262,2019,9,20,1007.2875,25.77777778,23.975,90.16952948,1.95,240.0,36.69628618,0.0,0.46232829851774976,0.0
263,2019,9,21,1006.6375,27.16060606,23.72424242,82.37657716,1.966666667,212.3529412,37.87073065,3.5,0.8151524351364595,0.7697709907646597
264,2019,9,22,1007.914286,25.712,24.192,91.88369968,1.592857143,170.0,37.18661663,20.0,0.33588171507190223,0.3344764300694816
265,2019,9,23,1007.7875,27.63888889,24.925,85.65090325,1.473913043,248.8888889,38.34547217,35.0,0.5438484089593678,0.5417425814472799
266,2019,9,24,1007.4,25.23589744,23.53589744,90.75771257,1.276470588,133.3333333,40.88281941,0.0,0.3156352855702663,0.0
267,2019,9,25,1008.55,26.12222222,24.28888889,89.86409416,2.255882353,118.2142857,39.24354172,7.0,0.5355449671302267,0.5254632156087988
268,2019,9,26,1010.95,26.26756757,24.11351351,88.20640694,2.26,150.9090909,38.10223618,97.0,0.6186512364452041,0.6176661300043983
269,2019,9,27,1012.72,26.06486486,23.83783784,87.81826976,1.992,202.9411765,37.75580275,0.0,0.5764231436598337,0.0
270,2019,9,28,1011.7875,27.06122449,24.44285714,86.03032461,1.7511627909999998,214.7826087,37.32128886,0.0,0.6028904888977034,0.0
271,2019,9,29,1012.2125,26.925,24.53611111,87.16813461,1.904,208.0,36.75547218,0.0,0.5942324581610512,0.0
272,2019,9,30,1011.85,25.05142857,22.30571429,85.20059909,1.927777778,230.0,37.99102503,10.0,0.6548113554168125,0.6442367152367934
273,2019,10,1,1011.0875,27.64210526,24.01315789,81.38335469,1.888235294,262.8,38.25779722,244.6,0.8426531438055305,0.8419279240986444
274,2019,10,2,1010.6875,28.46470588,24.63823529,80.55013247,2.133333333,258.6956522,38.20729161,0.0,0.9860947301741124,0.0
275,2019,10,3,1010.6,27.3,23.95789474,83.10892509,2.0,197.5,38.99058611,0.0,0.7960343765532608,0.0
276,2019,10,4,1010.6125,25.64242424,23.03636364,86.17462985,2.153333333,252.7272727,37.94285004,89.6,0.6774384108211766,0.6761599489082896
277,2019,10,5,1009.6875,26.24,23.7775,86.64591289,1.886206897,145.0,37.36343614,129.9,0.6021720893191509,0.601474896724266
278,2019,10,6,1011.125,25.02285714,22.66285714,87.35927216,1.961111111,210.0,37.59471392,193.9,0.5724691184146212,0.5720468396555227
279,2019,10,7,1010.25,27.24864865,23.85405405,82.28176629,1.5041666669999998,255.0,36.37102496,277.2,0.6649520370161051,0.664553461691969
280,2019,10,8,1009.825,26.79444444,24.18333333,86.06162598,1.9,162.22222219999998,37.50290002,0.0,0.6369342971615771,0.0
281,2019,10,9,1009.6875,25.57560976,23.41219512,88.27074372,1.635294118,121.1111111,37.62038891,82.9,0.4717869123264994,0.471116468375176
282,2019,10,10,1010.2875,25.11707317,22.49512195,85.90581932,1.867741935,109.4736842,37.9725389,100.2,0.6108033278345493,0.6098736688074727
283,2019,10,11,1010.35,25.63243243,22.62432432,84.02604894,1.653571429,202.5,38.59869447,55.8,0.6298001709698406,0.6280272446617716
284,2019,10,12,1010.7875,27.20540541,24.03783784,83.8016325,1.3708333330000002,140.0,37.89136386,195.7,0.5655260222930286,0.5651177095398142
285,2019,10,13,1011.3375,26.92631579,24.03157895,84.78612212,1.4304347830000002,62.5,37.45995559,88.9,0.5520068580130114,0.5511510712808492
286,2019,10,14,1011.5875,28.22105263,24.42105263,80.43879469,2.121212121,67.14285714,36.62301941,33.1,0.984595788230651,0.9773189911488055
287,2019,10,15,1011.5625,27.64736842,24.04473684,81.22645378,2.265625,114.6428571,35.86524446,15.8,0.9865991983020875,0.9713961422465552
288,2019,10,16,1012.228571,24.14736842,22.73157895,91.92576158,1.785714286,110.625,35.73435278,64.2,0.3527548889761652,0.352270879297605
289,2019,10,17,1011.9125,25.66315789,22.84210526,84.77402113,2.214705882,112.7272727,36.17113331,26.9,0.7608192296694349,0.75547118536287
290,2019,10,18,1011.7125,26.30526316,23.58157895,85.38196953,2.327777778,146.28571430000005,38.09251392,69.7,0.7723947546252725,0.7702598242274715
291,2019,10,19,1012.0,25.97894737,23.81052632,88.28857894,2.202777778,122.1875,37.65184453,2.2,0.5979459983074171,0.5591696681961584
292,2019,10,20,1011.725,25.42631579,23.76052632,90.75445824,1.732,156.0,36.72453895,31.5,0.3990931082226308,0.39783234870708595
293,2019,10,21,1010.2625,26.02051282,23.21025641,84.90686377,2.058823529,142.0,36.33652504,244.9,0.7179928668729388,0.7174669389166652
294,2019,10,22,1009.1,25.69142857,23.06857143,85.98262488,1.886363636,115.0,36.1375834,0.0,0.6201102643947016,0.0
295,2019,10,23,1007.0625,25.91282051,23.25384615,85.75211468,1.819354839,171.875,36.90903893,67.8,0.6147594782987343,0.6133685628340098
296,2019,10,24,1008.2,25.4,23.34473684,88.81901428,1.7735294119999998,281.6666667,36.45342218,54.9,0.47875740455690424,0.47771554310282605
297,2019,10,25,1008.125,27.4,23.47631579,79.76823587,1.9125,185.4545455,35.78819165,133.6,0.9159609814743812,0.9143932655269816
298,2019,10,26,1009.875,27.6902439,23.35365854,77.99958052,2.253846154,210.3333333,35.18728885,2.3,1.1388741522107504,0.9937512217357707
299,2019,10,27,1010.8625,28.16842105,23.66315789,77.22549203,1.7,176.66666669999995,34.63841116,2.7,0.9461201798973177,0.8661001041364115
300,2019,10,28,1011.275,27.70769231,24.26410256,82.07407623,2.027027027,142.8125,34.55522227,0.0,0.8645468598604851,0.0
301,2019,10,29,1012.3,25.05777778,22.71111111,87.21197432,1.766666667,135.9259259,34.61364432,3.1,0.5358916869964931,0.5135400186671325
302,2019,10,30,1011.975,25.77297297,23.34594595,86.80627746,2.2,142.5,34.26842781,51.4,0.6642600382677448,0.6621196894562602
303,2019,10,31,1011.1875,25.97368421,23.29210526,85.52097097,2.575,136.9444444,33.92831944,4.1,0.820695361426525,0.7812523937573996
304,2019,11,1,1010.8625,27.05641026,23.56666667,81.67082629,2.005405405,136.0714286,33.41593603,0.0,0.863460036637905,0.0
305,2019,11,2,1012.05,27.72777778,23.40555556,78.09000016,1.866666667,132.5925926,33.15132502,0.0,0.9756063352635507,0.0
306,2019,11,3,1012.566667,28.07179487,23.41025641,76.60796387,1.623529412,119.375,32.92192774,0.0,0.9317395057807364,0.0
307,2019,11,4,1012.216667,28.4,21.28421053,67.03882835,1.596774194,70.0,32.39677776,0.0,1.2635453900323492,0.0
308,2019,11,5,1010.9875,27.7,21.30263158,69.63330981,1.722727273,50.71428571,31.95200001,0.0,1.2307164708580345,0.0
309,2019,11,6,1009.075,27.28947368,22.77894737,78.08550162,1.4590909090000002,54.66666667,31.57495838,0.0,0.7790807189277723,0.0
310,2019,11,7,1008.516667,27.975,21.478125,69.41537069,1.3,102.8571429,31.22369175,25.4,0.9788682946990404,0.9695126413031249
311,2019,11,8,1009.7375,27.11052632,22.08947368,74.88383225,1.527777778,165.0,30.9118416,0.0,0.9257901732347396,0.0
312,2019,11,9,1010.675,27.13157895,21.68421053,73.20179078,2.2739130430000003,184.7368421,30.50150006,0.0,1.3624643287559284,0.0
313,2019,11,10,1011.1375,26.79459459,19.48918919,65.90824883,2.009375,64.76190476,30.09347503,0.0,1.5268742546346459,0.0
314,2019,11,11,1011.325,26.4047619,21.11190476,73.80447316,2.1741935480000003,92.38095238,29.76553608,0.0,1.2639709284862384,0.0
315,2019,11,12,1012.266667,25.93170732,19.56829268,68.81325008,2.338888889,71.48148148,29.42502778,0.0,1.573382914128313,0.0
316,2019,11,13,1012.45,25.54761905,19.33095238,69.86340729,2.180555556,89.70588235,29.05380835,0.0,1.4157240712109511,0.0
317,2019,11,14,1012.275,25.4,20.59512195,75.90675979,2.022857143,94.81481481,28.74018892,0.0,1.0752113368212621,0.0
318,2019,11,15,1012.5,25.735,21.17,76.34749324,1.748387097,118.8235294,28.48511944,0.0,0.9549784142683396,0.0
319,2019,11,16,1012.566667,26.88648649,20.43243243,68.80461821,1.885185185,81.875,28.18221386,0.0,1.346446497058845,0.0
320,2019,11,17,1012.58,27.14444444,19.61944444,64.81239331,2.267741935,55.2173913,27.806630600000005,0.0,1.7614555519672028,0.0
321,2019,11,18,1012.3,26.71,18.9975,64.15126507,1.825,73.6,27.37268607,0.0,1.4801346926670056,0.0
322,2019,11,19,1012.228571,27.13513514,20.41081081,67.50648193,1.422580645,84.28571429,27.055644399999995,0.0,1.1147028142072413,0.0
323,2019,11,20,1012.385714,25.81794872,21.23846154,76.75403773,1.817142857,102.3809524,26.83690556,0.0,0.9656382160985878,0.0
324,2019,11,21,1012.466667,25.21621622,20.53783784,76.3708967,1.7909090909999998,106.3636364,26.60703892,0.0,0.9537309313194666,0.0
325,2019,11,22,1012.5,24.98,19.855,74.26973904,1.722222222,110.7692308,26.31344443,0.0,0.9959134441860068,0.0
326,2019,11,23,1012.5,26.14117647,18.04411765,62.31735949,2.228,86.84210526,25.94514719,0.0,1.812466466423475,0.0
327,2019,11,24,1012.033333,25.0,18.97297297,70.35198237,1.895454545,95.71428571,25.60853053,0.0,1.2312553690103174,0.0
328,2019,11,25,1012.525,24.98918919,19.78918919,73.72176211,2.296774194,113.9130435,25.29561948,0.0,1.285417043920395,0.0
329,2019,11,26,1012.02,24.65555556,18.66666667,70.59465429999999,2.358064516,117.2727273,25.01133889,0.0,1.4411498442267152,0.0
330,2019,11,27,1013.028571,24.71282051,18.53333333,69.8915604,2.35625,103.8709677,24.74152222,0.0,1.4740500428543073,0.0
331,2019,11,28,1012.74,25.46842105,20.97631579,77.06879274,2.048571429,109.7058824,24.47509718,0.0,1.042274298823817,0.0
332,2019,11,29,1012.05,26.12,21.35142857,75.91480639,1.86875,107.875,24.19459995,0.0,1.0286602033035044,0.0
333,2019,11,30,1012.14,26.02631579,21.11052632,75.35659643,1.912121212,110.4166667,24.33562776,0.0,1.0670278966732871,0.0
334,2019,12,1,1012.925,25.43684211,21.33947368,78.62178431,2.194444444,122.1212121,24.25985281,0.0,1.0332695693317053,0.0
335,2019,12,2,1012.9,23.79444444,21.14444444,85.54755387,2.454545455,109.6428571,24.15240277,0.0,0.7477730420257552,0.0
336,2019,12,3,1012.85,23.61904762,21.32380952,87.40771632,1.935,113.5294118,23.99953061,89.2,0.5472339150445006,0.5463956791651244
337,2019,12,4,1013.25,24.33529412,19.85294118,76.65589718,2.713333333,97.77777778,23.76290004,0.0,1.2898952162428032,0.0
338,2019,12,5,1013.7,24.32972973,19.12432432,73.73267463,1.975862069,99.23076923,23.48833334,0.0,1.1194530097542905,0.0
339,2019,12,6,1013.8,23.2,18.36470588,75.10827411,1.996551724,92.14285714,23.21066386,0.0,1.0444078978914126,0.0
340,2019,12,7,1012.85,23.42631579,18.08157895,72.87438131,2.455172414,102.6315789,22.92496388,0.0,1.3404125739801767,0.0
341,2019,12,8,1013.3,24.09230769,19.7974359,77.65083594,1.951851852,105.2631579,22.67838056,0.0,0.9484592740273333,0.0
342,2019,12,9,1012.6,24.27894737,19.82894737,77.11479726,1.951724138,105.0,22.46567783,0.0,0.9719402509778833,0.0
343,2019,12,10,1012.12,24.91891892,18.85945946,70.29312968,1.82173913,124.4444444,22.25682501,0.0,1.190383622050617,0.0
344,2019,12,11,1012.028571,24.48205128,18.26666667,69.48323134,1.209375,100.0,22.02439727,0.0,0.8602675446890556,0.0
345,2019,12,12,1011.933333,24.16842105,17.79736842,69.31483872,1.94,112.9166667,21.78910001,0.0,1.2598932972885584,0.0
346,2019,12,13,1012.066667,25.53513514,19.0,68.74070827,1.906896552,115.2941176,21.53408892,0.0,1.3096831434055811,0.0
347,2019,12,14,1012.8,25.23684211,20.13947368,74.3439245,2.136111111,108.0952381,21.32926395,0.0,1.1913090029905866,0.0
348,2019,12,15,1012.633333,25.14210526,18.92105263,69.65698666,2.083333333,124.1666667,21.10816668,0.0,1.3623048436707703,0.0
349,2019,12,16,1011.9,24.12093023,18.67209302,73.00430221,2.22,103.75,20.90712779,0.0,1.2465449912413717,0.0
350,2019,12,17,1012.9,24.17714286,18.96285714,73.88204826,2.306896552,103.4782609,20.70257774,0.0,1.2506156862971298,0.0
351,2019,12,18,1007.7873283070422,24.23684211,18.82368421,72.79029611,1.76,96.53846154,20.49118331,0.0,1.047970695123726,0.0
352,2019,12,19,1012.9,23.96315789,18.89736842,74.48856886,1.58,108.3333333,20.29330556,0.0,0.8976796134164539,0.0
353,2019,12,20,1012.033333,23.94594595,18.02432432,71.16002988,1.60952381,107.7777778,20.6423472,0.0,1.0152177890438299,0.0
354,2019,12,21,1012.125,24.28205128,18.74358974,72.42240286,1.946666667,90.58823529,23.71957216,0.0,1.1532010371473655,0.0
355,2019,12,22,1012.4,24.24210526,18.63684211,72.08145855,2.065625,115.5,23.57790278,0.0,1.2234318480731012,0.0
356,2019,12,23,1012.9,23.4,17.78947368,72.12988216,2.503225806,114.2857143,23.12398612,0.0,1.3871373437231296,0.0
357,2019,12,24,1012.55,24.44848485,18.64242424,71.38230296,2.38,116.0,22.72618612,0.0,1.4068291201776844,0.0
358,2019,12,25,1012.2,25.09714286,19.43142857,71.94858274,2.455882353,120.0,22.32228608,0.0,1.4411739496680598,0.0
359,2019,12,26,1012.85,24.79210526,20.32105263,76.83795704,2.005263158,112.8571429,21.97210551,0.0,1.0206528402500503,0.0
360,2019,12,27,1012.166667,24.89444444,20.28333333,76.42930774,1.820689655,83.33333333,21.6363111,0.0,0.9593229080891437,0.0
361,2019,12,28,1012.633333,22.77105263,17.01052632,70.45098661,2.247222222,84.83870968,21.2448694,0.0,1.3425152341904245,0.0
362,2019,12,29,1011.55,22.9,17.03947368,70.53398791,2.054285714,98.27586207,20.91532497,0.0,1.2417831520796587,0.0
363,2019,12,30,1011.8,23.35121951,18.51707317,75.17589665,2.46097561,107.6470588,20.61003058,0.0,1.2305406483194843,0.0
364,2019,12,31,1012.666667,22.34857143,19.80571429,85.79806465,2.582857143,112.9032258,20.3615611,0.0,0.7363282210007543,0.0
